Id,Id2,Geography,Total
8600000US89010,89010,ZCTA5 89010,415
8600000US89019,89019,ZCTA5 89019,2673
8600000US89060,89060,ZCTA5 89060,10227
8600000US89061,89061,ZCTA5 89061,5252
8600000US89439,89439,ZCTA5 89439,1417
8600000US90001,90001,ZCTA5 90001,57110
8600000US90002,90002,ZCTA5 90002,51223
8600000US90003,90003,ZCTA5 90003,66266
8600000US90004,90004,ZCTA5 90004,62180
8600000US90005,90005,ZCTA5 90005,37681
8600000US90006,90006,ZCTA5 90006,59185
8600000US90007,90007,ZCTA5 90007,40920
8600000US90008,90008,ZCTA5 90008,32327
8600000US90010,90010,ZCTA5 90010,3800
8600000US90011,90011,ZCTA5 90011,103892
8600000US90012,90012,ZCTA5 90012,31103
8600000US90013,90013,ZCTA5 90013,11772
8600000US90014,90014,ZCTA5 90014,7005
8600000US90015,90015,ZCTA5 90015,18986
8600000US90016,90016,ZCTA5 90016,47596
8600000US90017,90017,ZCTA5 90017,23768
8600000US90018,90018,ZCTA5 90018,49310
8600000US90019,90019,ZCTA5 90019,64458
8600000US90020,90020,ZCTA5 90020,38967
8600000US90021,90021,ZCTA5 90021,3951
8600000US90022,90022,ZCTA5 90022,67179
8600000US90023,90023,ZCTA5 90023,45903
8600000US90024,90024,ZCTA5 90024,47452
8600000US90025,90025,ZCTA5 90025,42147
8600000US90026,90026,ZCTA5 90026,67869
8600000US90027,90027,ZCTA5 90027,45151
8600000US90028,90028,ZCTA5 90028,28714
8600000US90029,90029,ZCTA5 90029,38617
8600000US90031,90031,ZCTA5 90031,39316
8600000US90032,90032,ZCTA5 90032,45786
8600000US90033,90033,ZCTA5 90033,48852
8600000US90034,90034,ZCTA5 90034,57964
8600000US90035,90035,ZCTA5 90035,28418
8600000US90036,90036,ZCTA5 90036,36865
8600000US90037,90037,ZCTA5 90037,62276
8600000US90038,90038,ZCTA5 90038,28917
8600000US90039,90039,ZCTA5 90039,28514
8600000US90040,90040,ZCTA5 90040,12520
8600000US90041,90041,ZCTA5 90041,27425
8600000US90042,90042,ZCTA5 90042,62430
8600000US90043,90043,ZCTA5 90043,44789
8600000US90044,90044,ZCTA5 90044,89779
8600000US90045,90045,ZCTA5 90045,39480
8600000US90046,90046,ZCTA5 90046,48581
8600000US90047,90047,ZCTA5 90047,48606
8600000US90048,90048,ZCTA5 90048,21397
8600000US90049,90049,ZCTA5 90049,35482
8600000US90056,90056,ZCTA5 90056,7827
8600000US90057,90057,ZCTA5 90057,44998
8600000US90058,90058,ZCTA5 90058,3223
8600000US90059,90059,ZCTA5 90059,40952
8600000US90061,90061,ZCTA5 90061,26872
8600000US90062,90062,ZCTA5 90062,32821
8600000US90063,90063,ZCTA5 90063,55758
8600000US90064,90064,ZCTA5 90064,25403
8600000US90065,90065,ZCTA5 90065,45527
8600000US90066,90066,ZCTA5 90066,55277
8600000US90067,90067,ZCTA5 90067,2424
8600000US90068,90068,ZCTA5 90068,22286
8600000US90069,90069,ZCTA5 90069,20483
8600000US90071,90071,ZCTA5 90071,15
8600000US90073,90073,ZCTA5 90073,539
8600000US90077,90077,ZCTA5 90077,9377
8600000US90079,90079,ZCTA5 90079,0
8600000US90089,90089,ZCTA5 90089,3217
8600000US90090,90090,ZCTA5 90090,0
8600000US90094,90094,ZCTA5 90094,5464
8600000US90095,90095,ZCTA5 90095,3
8600000US90201,90201,ZCTA5 90201,101279
8600000US90210,90210,ZCTA5 90210,21741
8600000US90211,90211,ZCTA5 90211,8434
8600000US90212,90212,ZCTA5 90212,11555
8600000US90220,90220,ZCTA5 90220,49328
8600000US90221,90221,ZCTA5 90221,53704
8600000US90222,90222,ZCTA5 90222,31869
8600000US90230,90230,ZCTA5 90230,31766
8600000US90232,90232,ZCTA5 90232,15149
8600000US90240,90240,ZCTA5 90240,25876
8600000US90241,90241,ZCTA5 90241,42399
8600000US90242,90242,ZCTA5 90242,43497
8600000US90245,90245,ZCTA5 90245,16654
8600000US90247,90247,ZCTA5 90247,47487
8600000US90248,90248,ZCTA5 90248,9947
8600000US90249,90249,ZCTA5 90249,26669
8600000US90250,90250,ZCTA5 90250,93193
8600000US90254,90254,ZCTA5 90254,19506
8600000US90255,90255,ZCTA5 90255,75066
8600000US90260,90260,ZCTA5 90260,34924
8600000US90262,90262,ZCTA5 90262,69745
8600000US90263,90263,ZCTA5 90263,1612
8600000US90265,90265,ZCTA5 90265,18116
8600000US90266,90266,ZCTA5 90266,35135
8600000US90270,90270,ZCTA5 90270,27372
8600000US90272,90272,ZCTA5 90272,22986
8600000US90274,90274,ZCTA5 90274,25209
8600000US90275,90275,ZCTA5 90275,41804
8600000US90277,90277,ZCTA5 90277,35293
8600000US90278,90278,ZCTA5 90278,40071
8600000US90280,90280,ZCTA5 90280,94396
8600000US90290,90290,ZCTA5 90290,6368
8600000US90291,90291,ZCTA5 90291,28341
8600000US90292,90292,ZCTA5 90292,21576
8600000US90293,90293,ZCTA5 90293,12132
8600000US90301,90301,ZCTA5 90301,36568
8600000US90302,90302,ZCTA5 90302,29415
8600000US90303,90303,ZCTA5 90303,26176
8600000US90304,90304,ZCTA5 90304,28210
8600000US90305,90305,ZCTA5 90305,14853
8600000US90401,90401,ZCTA5 90401,6722
8600000US90402,90402,ZCTA5 90402,12250
8600000US90403,90403,ZCTA5 90403,24525
8600000US90404,90404,ZCTA5 90404,21360
8600000US90405,90405,ZCTA5 90405,27186
8600000US90501,90501,ZCTA5 90501,43180
8600000US90502,90502,ZCTA5 90502,18010
8600000US90503,90503,ZCTA5 90503,44383
8600000US90504,90504,ZCTA5 90504,32102
8600000US90505,90505,ZCTA5 90505,36678
8600000US90506,90506,ZCTA5 90506,0
8600000US90601,90601,ZCTA5 90601,31974
8600000US90602,90602,ZCTA5 90602,25777
8600000US90603,90603,ZCTA5 90603,20063
8600000US90604,90604,ZCTA5 90604,39407
8600000US90605,90605,ZCTA5 90605,40331
8600000US90606,90606,ZCTA5 90606,32396
8600000US90620,90620,ZCTA5 90620,45113
8600000US90621,90621,ZCTA5 90621,35153
8600000US90623,90623,ZCTA5 90623,15554
8600000US90630,90630,ZCTA5 90630,47993
8600000US90631,90631,ZCTA5 90631,67619
8600000US90638,90638,ZCTA5 90638,49012
8600000US90640,90640,ZCTA5 90640,62549
8600000US90650,90650,ZCTA5 90650,105549
8600000US90660,90660,ZCTA5 90660,62928
8600000US90670,90670,ZCTA5 90670,14866
8600000US90680,90680,ZCTA5 90680,29945
8600000US90701,90701,ZCTA5 90701,16591
8600000US90703,90703,ZCTA5 90703,49399
8600000US90704,90704,ZCTA5 90704,4090
8600000US90706,90706,ZCTA5 90706,76615
8600000US90710,90710,ZCTA5 90710,25457
8600000US90712,90712,ZCTA5 90712,31499
8600000US90713,90713,ZCTA5 90713,27925
8600000US90715,90715,ZCTA5 90715,20388
8600000US90716,90716,ZCTA5 90716,14184
8600000US90717,90717,ZCTA5 90717,21318
8600000US90720,90720,ZCTA5 90720,21751
8600000US90723,90723,ZCTA5 90723,54099
8600000US90731,90731,ZCTA5 90731,59662
8600000US90732,90732,ZCTA5 90732,21115
8600000US90740,90740,ZCTA5 90740,23729
8600000US90742,90742,ZCTA5 90742,831
8600000US90743,90743,ZCTA5 90743,456
8600000US90744,90744,ZCTA5 90744,53815
8600000US90745,90745,ZCTA5 90745,57251
8600000US90746,90746,ZCTA5 90746,25990
8600000US90747,90747,ZCTA5 90747,0
8600000US90755,90755,ZCTA5 90755,11074
8600000US90802,90802,ZCTA5 90802,39347
8600000US90803,90803,ZCTA5 90803,32031
8600000US90804,90804,ZCTA5 90804,40311
8600000US90805,90805,ZCTA5 90805,93524
8600000US90806,90806,ZCTA5 90806,42399
8600000US90807,90807,ZCTA5 90807,31481
8600000US90808,90808,ZCTA5 90808,38232
8600000US90810,90810,ZCTA5 90810,36735
8600000US90813,90813,ZCTA5 90813,58911
8600000US90814,90814,ZCTA5 90814,19131
8600000US90815,90815,ZCTA5 90815,39733
8600000US90822,90822,ZCTA5 90822,117
8600000US90831,90831,ZCTA5 90831,0
8600000US91001,91001,ZCTA5 91001,36126
8600000US91006,91006,ZCTA5 91006,31715
8600000US91007,91007,ZCTA5 91007,34095
8600000US91008,91008,ZCTA5 91008,1391
8600000US91010,91010,ZCTA5 91010,26074
8600000US91011,91011,ZCTA5 91011,20280
8600000US91016,91016,ZCTA5 91016,40598
8600000US91020,91020,ZCTA5 91020,8415
8600000US91024,91024,ZCTA5 91024,10917
8600000US91030,91030,ZCTA5 91030,25616
8600000US91040,91040,ZCTA5 91040,20372
8600000US91042,91042,ZCTA5 91042,27585
8600000US91046,91046,ZCTA5 91046,156
8600000US91101,91101,ZCTA5 91101,20460
8600000US91103,91103,ZCTA5 91103,27480
8600000US91104,91104,ZCTA5 91104,36751
8600000US91105,91105,ZCTA5 91105,11254
8600000US91106,91106,ZCTA5 91106,24229
8600000US91107,91107,ZCTA5 91107,32940
8600000US91108,91108,ZCTA5 91108,13361
8600000US91201,91201,ZCTA5 91201,22781
8600000US91202,91202,ZCTA5 91202,22830
8600000US91203,91203,ZCTA5 91203,13220
8600000US91204,91204,ZCTA5 91204,16032
8600000US91205,91205,ZCTA5 91205,37810
8600000US91206,91206,ZCTA5 91206,33065
8600000US91207,91207,ZCTA5 91207,10506
8600000US91208,91208,ZCTA5 91208,16245
8600000US91210,91210,ZCTA5 91210,328
8600000US91214,91214,ZCTA5 91214,30356
8600000US91301,91301,ZCTA5 91301,25488
8600000US91302,91302,ZCTA5 91302,25709
8600000US91303,91303,ZCTA5 91303,26855
8600000US91304,91304,ZCTA5 91304,50231
8600000US91306,91306,ZCTA5 91306,45061
8600000US91307,91307,ZCTA5 91307,24474
8600000US91311,91311,ZCTA5 91311,36557
8600000US91316,91316,ZCTA5 91316,26898
8600000US91320,91320,ZCTA5 91320,44274
8600000US91321,91321,ZCTA5 91321,34882
8600000US91324,91324,ZCTA5 91324,27669
8600000US91325,91325,ZCTA5 91325,32417
8600000US91326,91326,ZCTA5 91326,33708
8600000US91330,91330,ZCTA5 91330,2702
8600000US91331,91331,ZCTA5 91331,103689
8600000US91335,91335,ZCTA5 91335,74363
8600000US91340,91340,ZCTA5 91340,34188
8600000US91342,91342,ZCTA5 91342,91725
8600000US91343,91343,ZCTA5 91343,60254
8600000US91344,91344,ZCTA5 91344,51747
8600000US91345,91345,ZCTA5 91345,18496
8600000US91350,91350,ZCTA5 91350,33348
8600000US91351,91351,ZCTA5 91351,32362
8600000US91352,91352,ZCTA5 91352,47807
8600000US91354,91354,ZCTA5 91354,28722
8600000US91355,91355,ZCTA5 91355,32605
8600000US91356,91356,ZCTA5 91356,29458
8600000US91360,91360,ZCTA5 91360,42402
8600000US91361,91361,ZCTA5 91361,20438
8600000US91362,91362,ZCTA5 91362,36045
8600000US91364,91364,ZCTA5 91364,25851
8600000US91367,91367,ZCTA5 91367,39499
8600000US91371,91371,ZCTA5 91371,1
8600000US91377,91377,ZCTA5 91377,13811
8600000US91381,91381,ZCTA5 91381,20158
8600000US91384,91384,ZCTA5 91384,29855
8600000US91387,91387,ZCTA5 91387,40328
8600000US91390,91390,ZCTA5 91390,19786
8600000US91401,91401,ZCTA5 91401,39285
8600000US91402,91402,ZCTA5 91402,69817
8600000US91403,91403,ZCTA5 91403,23484
8600000US91405,91405,ZCTA5 91405,51145
8600000US91406,91406,ZCTA5 91406,51558
8600000US91411,91411,ZCTA5 91411,24628
8600000US91423,91423,ZCTA5 91423,30991
8600000US91436,91436,ZCTA5 91436,14372
8600000US91501,91501,ZCTA5 91501,20849
8600000US91502,91502,ZCTA5 91502,11371
8600000US91504,91504,ZCTA5 91504,24939
8600000US91505,91505,ZCTA5 91505,30778
8600000US91506,91506,ZCTA5 91506,18904
8600000US91601,91601,ZCTA5 91601,37180
8600000US91602,91602,ZCTA5 91602,17473
8600000US91604,91604,ZCTA5 91604,29034
8600000US91605,91605,ZCTA5 91605,56343
8600000US91606,91606,ZCTA5 91606,44958
8600000US91607,91607,ZCTA5 91607,27927
8600000US91608,91608,ZCTA5 91608,0
8600000US91701,91701,ZCTA5 91701,38976
8600000US91702,91702,ZCTA5 91702,59705
8600000US91706,91706,ZCTA5 91706,76571
8600000US91708,91708,ZCTA5 91708,3369
8600000US91709,91709,ZCTA5 91709,74796
8600000US91710,91710,ZCTA5 91710,80358
8600000US91711,91711,ZCTA5 91711,35705
8600000US91722,91722,ZCTA5 91722,34409
8600000US91723,91723,ZCTA5 91723,18275
8600000US91724,91724,ZCTA5 91724,26184
8600000US91730,91730,ZCTA5 91730,66925
8600000US91731,91731,ZCTA5 91731,29591
8600000US91732,91732,ZCTA5 91732,61386
8600000US91733,91733,ZCTA5 91733,43896
8600000US91737,91737,ZCTA5 91737,24740
8600000US91739,91739,ZCTA5 91739,34794
8600000US91740,91740,ZCTA5 91740,25356
8600000US91741,91741,ZCTA5 91741,25824
8600000US91744,91744,ZCTA5 91744,85040
8600000US91745,91745,ZCTA5 91745,54013
8600000US91746,91746,ZCTA5 91746,30485
8600000US91748,91748,ZCTA5 91748,45406
8600000US91750,91750,ZCTA5 91750,33249
8600000US91752,91752,ZCTA5 91752,30047
8600000US91754,91754,ZCTA5 91754,32742
8600000US91755,91755,ZCTA5 91755,27496
8600000US91759,91759,ZCTA5 91759,476
8600000US91761,91761,ZCTA5 91761,56913
8600000US91762,91762,ZCTA5 91762,55857
8600000US91763,91763,ZCTA5 91763,36375
8600000US91764,91764,ZCTA5 91764,54086
8600000US91765,91765,ZCTA5 91765,46457
8600000US91766,91766,ZCTA5 91766,71599
8600000US91767,91767,ZCTA5 91767,48068
8600000US91768,91768,ZCTA5 91768,34537
8600000US91770,91770,ZCTA5 91770,62097
8600000US91773,91773,ZCTA5 91773,33119
8600000US91775,91775,ZCTA5 91775,23988
8600000US91776,91776,ZCTA5 91776,38475
8600000US91780,91780,ZCTA5 91780,34332
8600000US91784,91784,ZCTA5 91784,25938
8600000US91786,91786,ZCTA5 91786,51165
8600000US91789,91789,ZCTA5 91789,43079
8600000US91790,91790,ZCTA5 91790,44907
8600000US91791,91791,ZCTA5 91791,32414
8600000US91792,91792,ZCTA5 91792,30854
8600000US91801,91801,ZCTA5 91801,52735
8600000US91803,91803,ZCTA5 91803,30322
8600000US91901,91901,ZCTA5 91901,17403
8600000US91902,91902,ZCTA5 91902,17653
8600000US91905,91905,ZCTA5 91905,1700
8600000US91906,91906,ZCTA5 91906,3627
8600000US91910,91910,ZCTA5 91910,75802
8600000US91911,91911,ZCTA5 91911,82999
8600000US91913,91913,ZCTA5 91913,40971
8600000US91914,91914,ZCTA5 91914,15448
8600000US91915,91915,ZCTA5 91915,24659
8600000US91916,91916,ZCTA5 91916,1622
8600000US91917,91917,ZCTA5 91917,992
8600000US91931,91931,ZCTA5 91931,592
8600000US91932,91932,ZCTA5 91932,25718
8600000US91934,91934,ZCTA5 91934,737
8600000US91935,91935,ZCTA5 91935,8624
8600000US91941,91941,ZCTA5 91941,31779
8600000US91942,91942,ZCTA5 91942,38069
8600000US91945,91945,ZCTA5 91945,25460
8600000US91948,91948,ZCTA5 91948,78
8600000US91950,91950,ZCTA5 91950,60322
8600000US91962,91962,ZCTA5 91962,1646
8600000US91963,91963,ZCTA5 91963,1118
8600000US91977,91977,ZCTA5 91977,58368
8600000US91978,91978,ZCTA5 91978,8896
8600000US91980,91980,ZCTA5 91980,165
8600000US92003,92003,ZCTA5 92003,4746
8600000US92004,92004,ZCTA5 92004,3881
8600000US92007,92007,ZCTA5 92007,10429
8600000US92008,92008,ZCTA5 92008,27649
8600000US92009,92009,ZCTA5 92009,40747
8600000US92010,92010,ZCTA5 92010,14382
8600000US92011,92011,ZCTA5 92011,22405
8600000US92014,92014,ZCTA5 92014,13154
8600000US92019,92019,ZCTA5 92019,42598
8600000US92020,92020,ZCTA5 92020,57767
8600000US92021,92021,ZCTA5 92021,65068
8600000US92024,92024,ZCTA5 92024,49121
8600000US92025,92025,ZCTA5 92025,49978
8600000US92026,92026,ZCTA5 92026,48922
8600000US92027,92027,ZCTA5 92027,53881
8600000US92028,92028,ZCTA5 92028,46239
8600000US92029,92029,ZCTA5 92029,19021
8600000US92036,92036,ZCTA5 92036,3440
8600000US92037,92037,ZCTA5 92037,46781
8600000US92040,92040,ZCTA5 92040,41281
8600000US92054,92054,ZCTA5 92054,40375
8600000US92055,92055,ZCTA5 92055,15655
8600000US92056,92056,ZCTA5 92056,51835
8600000US92057,92057,ZCTA5 92057,54096
8600000US92058,92058,ZCTA5 92058,42436
8600000US92059,92059,ZCTA5 92059,1618
8600000US92060,92060,ZCTA5 92060,218
8600000US92061,92061,ZCTA5 92061,2499
8600000US92064,92064,ZCTA5 92064,47904
8600000US92065,92065,ZCTA5 92065,35414
8600000US92066,92066,ZCTA5 92066,378
8600000US92067,92067,ZCTA5 92067,9535
8600000US92069,92069,ZCTA5 92069,46369
8600000US92070,92070,ZCTA5 92070,1245
8600000US92071,92071,ZCTA5 92071,53422
8600000US92075,92075,ZCTA5 92075,12056
8600000US92078,92078,ZCTA5 92078,42906
8600000US92081,92081,ZCTA5 92081,27404
8600000US92082,92082,ZCTA5 92082,19037
8600000US92083,92083,ZCTA5 92083,36975
8600000US92084,92084,ZCTA5 92084,47654
8600000US92086,92086,ZCTA5 92086,1573
8600000US92091,92091,ZCTA5 92091,1048
8600000US92101,92101,ZCTA5 92101,37095
8600000US92102,92102,ZCTA5 92102,43267
8600000US92103,92103,ZCTA5 92103,31066
8600000US92104,92104,ZCTA5 92104,44414
8600000US92105,92105,ZCTA5 92105,69813
8600000US92106,92106,ZCTA5 92106,19330
8600000US92107,92107,ZCTA5 92107,28651
8600000US92108,92108,ZCTA5 92108,18858
8600000US92109,92109,ZCTA5 92109,45787
8600000US92110,92110,ZCTA5 92110,25341
8600000US92111,92111,ZCTA5 92111,45096
8600000US92113,92113,ZCTA5 92113,56066
8600000US92114,92114,ZCTA5 92114,65433
8600000US92115,92115,ZCTA5 92115,58560
8600000US92116,92116,ZCTA5 92116,31680
8600000US92117,92117,ZCTA5 92117,51332
8600000US92118,92118,ZCTA5 92118,23575
8600000US92119,92119,ZCTA5 92119,23057
8600000US92120,92120,ZCTA5 92120,26317
8600000US92121,92121,ZCTA5 92121,4179
8600000US92122,92122,ZCTA5 92122,43728
8600000US92123,92123,ZCTA5 92123,26823
8600000US92124,92124,ZCTA5 92124,30443
8600000US92126,92126,ZCTA5 92126,73343
8600000US92127,92127,ZCTA5 92127,39337
8600000US92128,92128,ZCTA5 92128,47490
8600000US92129,92129,ZCTA5 92129,51536
8600000US92130,92130,ZCTA5 92130,48940
8600000US92131,92131,ZCTA5 92131,32787
8600000US92132,92132,ZCTA5 92132,0
8600000US92134,92134,ZCTA5 92134,198
8600000US92135,92135,ZCTA5 92135,571
8600000US92139,92139,ZCTA5 92139,35125
8600000US92140,92140,ZCTA5 92140,3435
8600000US92145,92145,ZCTA5 92145,1449
8600000US92147,92147,ZCTA5 92147,559
8600000US92154,92154,ZCTA5 92154,79708
8600000US92155,92155,ZCTA5 92155,550
8600000US92173,92173,ZCTA5 92173,29429
8600000US92201,92201,ZCTA5 92201,61827
8600000US92203,92203,ZCTA5 92203,25605
8600000US92210,92210,ZCTA5 92210,4677
8600000US92211,92211,ZCTA5 92211,24294
8600000US92220,92220,ZCTA5 92220,31638
8600000US92222,92222,ZCTA5 92222,45
8600000US92223,92223,ZCTA5 92223,43605
8600000US92225,92225,ZCTA5 92225,24310
8600000US92227,92227,ZCTA5 92227,26234
8600000US92230,92230,ZCTA5 92230,2550
8600000US92231,92231,ZCTA5 92231,39073
8600000US92233,92233,ZCTA5 92233,8099
8600000US92234,92234,ZCTA5 92234,51151
8600000US92236,92236,ZCTA5 92236,41083
8600000US92239,92239,ZCTA5 92239,223
8600000US92240,92240,ZCTA5 92240,34722
8600000US92241,92241,ZCTA5 92241,8803
8600000US92242,92242,ZCTA5 92242,1539
8600000US92243,92243,ZCTA5 92243,48030
8600000US92249,92249,ZCTA5 92249,7334
8600000US92250,92250,ZCTA5 92250,8285
8600000US92251,92251,ZCTA5 92251,21583
8600000US92252,92252,ZCTA5 92252,9647
8600000US92253,92253,ZCTA5 92253,37262
8600000US92254,92254,ZCTA5 92254,12768
8600000US92256,92256,ZCTA5 92256,3588
8600000US92257,92257,ZCTA5 92257,2326
8600000US92258,92258,ZCTA5 92258,861
8600000US92259,92259,ZCTA5 92259,390
8600000US92260,92260,ZCTA5 92260,31753
8600000US92262,92262,ZCTA5 92262,26179
8600000US92264,92264,ZCTA5 92264,19383
8600000US92266,92266,ZCTA5 92266,234
8600000US92267,92267,ZCTA5 92267,126
8600000US92268,92268,ZCTA5 92268,574
8600000US92270,92270,ZCTA5 92270,17220
8600000US92273,92273,ZCTA5 92273,1823
8600000US92274,92274,ZCTA5 92274,19801
8600000US92275,92275,ZCTA5 92275,1506
8600000US92276,92276,ZCTA5 92276,7585
8600000US92277,92277,ZCTA5 92277,23911
8600000US92278,92278,ZCTA5 92278,3846
8600000US92280,92280,ZCTA5 92280,14
8600000US92281,92281,ZCTA5 92281,2432
8600000US92282,92282,ZCTA5 92282,1239
8600000US92283,92283,ZCTA5 92283,3158
8600000US92284,92284,ZCTA5 92284,25095
8600000US92285,92285,ZCTA5 92285,2632
8600000US92301,92301,ZCTA5 92301,32725
8600000US92304,92304,ZCTA5 92304,17
8600000US92305,92305,ZCTA5 92305,535
8600000US92307,92307,ZCTA5 92307,37630
8600000US92308,92308,ZCTA5 92308,39837
8600000US92309,92309,ZCTA5 92309,763
8600000US92310,92310,ZCTA5 92310,8845
8600000US92311,92311,ZCTA5 92311,31894
8600000US92313,92313,ZCTA5 92313,12025
8600000US92314,92314,ZCTA5 92314,10162
8600000US92315,92315,ZCTA5 92315,5094
8600000US92316,92316,ZCTA5 92316,30830
8600000US92320,92320,ZCTA5 92320,7788
8600000US92321,92321,ZCTA5 92321,1522
8600000US92322,92322,ZCTA5 92322,1257
8600000US92324,92324,ZCTA5 92324,56505
8600000US92325,92325,ZCTA5 92325,9391
8600000US92327,92327,ZCTA5 92327,632
8600000US92328,92328,ZCTA5 92328,445
8600000US92332,92332,ZCTA5 92332,65
8600000US92333,92333,ZCTA5 92333,472
8600000US92335,92335,ZCTA5 92335,95397
8600000US92336,92336,ZCTA5 92336,88419
8600000US92337,92337,ZCTA5 92337,37849
8600000US92338,92338,ZCTA5 92338,12
8600000US92339,92339,ZCTA5 92339,885
8600000US92341,92341,ZCTA5 92341,410
8600000US92342,92342,ZCTA5 92342,6379
8600000US92344,92344,ZCTA5 92344,20769
8600000US92345,92345,ZCTA5 92345,78715
8600000US92346,92346,ZCTA5 92346,54923
8600000US92347,92347,ZCTA5 92347,1692
8600000US92352,92352,ZCTA5 92352,8004
8600000US92354,92354,ZCTA5 92354,21559
8600000US92356,92356,ZCTA5 92356,6455
8600000US92358,92358,ZCTA5 92358,707
8600000US92359,92359,ZCTA5 92359,8103
8600000US92363,92363,ZCTA5 92363,5321
8600000US92364,92364,ZCTA5 92364,90
8600000US92365,92365,ZCTA5 92365,2637
8600000US92368,92368,ZCTA5 92368,1113
8600000US92371,92371,ZCTA5 92371,16763
8600000US92372,92372,ZCTA5 92372,6220
8600000US92373,92373,ZCTA5 92373,33423
8600000US92374,92374,ZCTA5 92374,40267
8600000US92376,92376,ZCTA5 92376,81516
8600000US92377,92377,ZCTA5 92377,19989
8600000US92378,92378,ZCTA5 92378,183
8600000US92382,92382,ZCTA5 92382,5268
8600000US92384,92384,ZCTA5 92384,36
8600000US92385,92385,ZCTA5 92385,313
8600000US92386,92386,ZCTA5 92386,2270
8600000US92389,92389,ZCTA5 92389,156
8600000US92391,92391,ZCTA5 92391,2534
8600000US92392,92392,ZCTA5 92392,54858
8600000US92394,92394,ZCTA5 92394,33237
8600000US92395,92395,ZCTA5 92395,42400
8600000US92397,92397,ZCTA5 92397,4894
8600000US92398,92398,ZCTA5 92398,1379
8600000US92399,92399,ZCTA5 92399,52606
8600000US92401,92401,ZCTA5 92401,1932
8600000US92404,92404,ZCTA5 92404,58271
8600000US92405,92405,ZCTA5 92405,28873
8600000US92407,92407,ZCTA5 92407,56689
8600000US92408,92408,ZCTA5 92408,15271
8600000US92410,92410,ZCTA5 92410,49410
8600000US92411,92411,ZCTA5 92411,26214
8600000US92501,92501,ZCTA5 92501,20970
8600000US92503,92503,ZCTA5 92503,84519
8600000US92504,92504,ZCTA5 92504,53778
8600000US92505,92505,ZCTA5 92505,47672
8600000US92506,92506,ZCTA5 92506,44001
8600000US92507,92507,ZCTA5 92507,58002
8600000US92508,92508,ZCTA5 92508,35000
8600000US92509,92509,ZCTA5 92509,75196
8600000US92518,92518,ZCTA5 92518,1162
8600000US92530,92530,ZCTA5 92530,50216
8600000US92532,92532,ZCTA5 92532,18644
8600000US92536,92536,ZCTA5 92536,3810
8600000US92539,92539,ZCTA5 92539,4734
8600000US92543,92543,ZCTA5 92543,33555
8600000US92544,92544,ZCTA5 92544,44734
8600000US92545,92545,ZCTA5 92545,39457
8600000US92548,92548,ZCTA5 92548,6643
8600000US92549,92549,ZCTA5 92549,3926
8600000US92551,92551,ZCTA5 92551,30815
8600000US92553,92553,ZCTA5 92553,73722
8600000US92555,92555,ZCTA5 92555,39076
8600000US92557,92557,ZCTA5 92557,50320
8600000US92561,92561,ZCTA5 92561,1661
8600000US92562,92562,ZCTA5 92562,62079
8600000US92563,92563,ZCTA5 92563,53892
8600000US92567,92567,ZCTA5 92567,9459
8600000US92570,92570,ZCTA5 92570,53697
8600000US92571,92571,ZCTA5 92571,52516
8600000US92582,92582,ZCTA5 92582,15649
8600000US92583,92583,ZCTA5 92583,30236
8600000US92584,92584,ZCTA5 92584,43400
8600000US92585,92585,ZCTA5 92585,17797
8600000US92586,92586,ZCTA5 92586,19815
8600000US92587,92587,ZCTA5 92587,16675
8600000US92590,92590,ZCTA5 92590,3660
8600000US92591,92591,ZCTA5 92591,38272
8600000US92592,92592,ZCTA5 92592,72492
8600000US92595,92595,ZCTA5 92595,29851
8600000US92596,92596,ZCTA5 92596,23172
8600000US92602,92602,ZCTA5 92602,22871
8600000US92603,92603,ZCTA5 92603,20184
8600000US92604,92604,ZCTA5 92604,26853
8600000US92606,92606,ZCTA5 92606,21495
8600000US92610,92610,ZCTA5 92610,11248
8600000US92612,92612,ZCTA5 92612,27522
8600000US92614,92614,ZCTA5 92614,24748
8600000US92617,92617,ZCTA5 92617,14044
8600000US92618,92618,ZCTA5 92618,16366
8600000US92620,92620,ZCTA5 92620,38486
8600000US92624,92624,ZCTA5 92624,7248
8600000US92625,92625,ZCTA5 92625,12478
8600000US92626,92626,ZCTA5 92626,49341
8600000US92627,92627,ZCTA5 92627,61510
8600000US92629,92629,ZCTA5 92629,25756
8600000US92630,92630,ZCTA5 92630,59182
8600000US92637,92637,ZCTA5 92637,16012
8600000US92646,92646,ZCTA5 92646,55224
8600000US92647,92647,ZCTA5 92647,57245
8600000US92648,92648,ZCTA5 92648,45317
8600000US92649,92649,ZCTA5 92649,32463
8600000US92651,92651,ZCTA5 92651,23881
8600000US92653,92653,ZCTA5 92653,29291
8600000US92655,92655,ZCTA5 92655,8337
8600000US92656,92656,ZCTA5 92656,49046
8600000US92657,92657,ZCTA5 92657,9741
8600000US92660,92660,ZCTA5 92660,34797
8600000US92661,92661,ZCTA5 92661,3744
8600000US92662,92662,ZCTA5 92662,2756
8600000US92663,92663,ZCTA5 92663,21649
8600000US92672,92672,ZCTA5 92672,34464
8600000US92673,92673,ZCTA5 92673,29309
8600000US92675,92675,ZCTA5 92675,34731
8600000US92676,92676,ZCTA5 92676,1945
8600000US92677,92677,ZCTA5 92677,63297
8600000US92678,92678,ZCTA5 92678,494
8600000US92679,92679,ZCTA5 92679,32611
8600000US92683,92683,ZCTA5 92683,89747
8600000US92688,92688,ZCTA5 92688,43792
8600000US92691,92691,ZCTA5 92691,47582
8600000US92692,92692,ZCTA5 92692,47222
8600000US92694,92694,ZCTA5 92694,21944
8600000US92701,92701,ZCTA5 92701,53908
8600000US92703,92703,ZCTA5 92703,65445
8600000US92704,92704,ZCTA5 92704,88123
8600000US92705,92705,ZCTA5 92705,44706
8600000US92706,92706,ZCTA5 92706,36457
8600000US92707,92707,ZCTA5 92707,59492
8600000US92708,92708,ZCTA5 92708,56004
8600000US92780,92780,ZCTA5 92780,57741
8600000US92782,92782,ZCTA5 92782,23032
8600000US92801,92801,ZCTA5 92801,62068
8600000US92802,92802,ZCTA5 92802,42709
8600000US92804,92804,ZCTA5 92804,85914
8600000US92805,92805,ZCTA5 92805,70401
8600000US92806,92806,ZCTA5 92806,37173
8600000US92807,92807,ZCTA5 92807,36171
8600000US92808,92808,ZCTA5 92808,20039
8600000US92821,92821,ZCTA5 92821,35533
8600000US92823,92823,ZCTA5 92823,3613
8600000US92831,92831,ZCTA5 92831,34204
8600000US92832,92832,ZCTA5 92832,24752
8600000US92833,92833,ZCTA5 92833,51767
8600000US92835,92835,ZCTA5 92835,24010
8600000US92840,92840,ZCTA5 92840,54083
8600000US92841,92841,ZCTA5 92841,32845
8600000US92843,92843,ZCTA5 92843,45214
8600000US92844,92844,ZCTA5 92844,24307
8600000US92845,92845,ZCTA5 92845,16333
8600000US92860,92860,ZCTA5 92860,27198
8600000US92861,92861,ZCTA5 92861,5781
8600000US92865,92865,ZCTA5 92865,19704
8600000US92866,92866,ZCTA5 92866,14885
8600000US92867,92867,ZCTA5 92867,44515
8600000US92868,92868,ZCTA5 92868,25404
8600000US92869,92869,ZCTA5 92869,37184
8600000US92870,92870,ZCTA5 92870,52033
8600000US92879,92879,ZCTA5 92879,46745
8600000US92880,92880,ZCTA5 92880,58763
8600000US92881,92881,ZCTA5 92881,30991
8600000US92882,92882,ZCTA5 92882,67917
8600000US92883,92883,ZCTA5 92883,29301
8600000US92886,92886,ZCTA5 92886,46564
8600000US92887,92887,ZCTA5 92887,20006
8600000US93001,93001,ZCTA5 93001,32990
8600000US93003,93003,ZCTA5 93003,50474
8600000US93004,93004,ZCTA5 93004,29149
8600000US93010,93010,ZCTA5 93010,42901
8600000US93012,93012,ZCTA5 93012,34617
8600000US93013,93013,ZCTA5 93013,16091
8600000US93015,93015,ZCTA5 93015,17334
8600000US93021,93021,ZCTA5 93021,36422
8600000US93022,93022,ZCTA5 93022,6106
8600000US93023,93023,ZCTA5 93023,20589
8600000US93030,93030,ZCTA5 93030,59372
8600000US93033,93033,ZCTA5 93033,82728
8600000US93035,93035,ZCTA5 93035,27732
8600000US93036,93036,ZCTA5 93036,41691
8600000US93040,93040,ZCTA5 93040,2031
8600000US93041,93041,ZCTA5 93041,23641
8600000US93042,93042,ZCTA5 93042,56
8600000US93043,93043,ZCTA5 93043,333
8600000US93060,93060,ZCTA5 93060,32811
8600000US93063,93063,ZCTA5 93063,54366
8600000US93064,93064,ZCTA5 93064,40
8600000US93065,93065,ZCTA5 93065,72508
8600000US93066,93066,ZCTA5 93066,3102
8600000US93067,93067,ZCTA5 93067,895
8600000US93101,93101,ZCTA5 93101,31683
8600000US93103,93103,ZCTA5 93103,20249
8600000US93105,93105,ZCTA5 93105,24815
8600000US93108,93108,ZCTA5 93108,11112
8600000US93109,93109,ZCTA5 93109,10858
8600000US93110,93110,ZCTA5 93110,16829
8600000US93111,93111,ZCTA5 93111,17370
8600000US93117,93117,ZCTA5 93117,53217
8600000US93201,93201,ZCTA5 93201,1348
8600000US93202,93202,ZCTA5 93202,4143
8600000US93203,93203,ZCTA5 93203,20938
8600000US93204,93204,ZCTA5 93204,15529
8600000US93205,93205,ZCTA5 93205,2113
8600000US93206,93206,ZCTA5 93206,2300
8600000US93207,93207,ZCTA5 93207,263
8600000US93208,93208,ZCTA5 93208,104
8600000US93210,93210,ZCTA5 93210,19504
8600000US93212,93212,ZCTA5 93212,26079
8600000US93215,93215,ZCTA5 93215,55659
8600000US93218,93218,ZCTA5 93218,994
8600000US93219,93219,ZCTA5 93219,10194
8600000US93220,93220,ZCTA5 93220,211
8600000US93221,93221,ZCTA5 93221,14945
8600000US93222,93222,ZCTA5 93222,2099
8600000US93223,93223,ZCTA5 93223,10604
8600000US93224,93224,ZCTA5 93224,451
8600000US93225,93225,ZCTA5 93225,5077
8600000US93226,93226,ZCTA5 93226,282
8600000US93230,93230,ZCTA5 93230,65264
8600000US93234,93234,ZCTA5 93234,6987
8600000US93235,93235,ZCTA5 93235,4559
8600000US93238,93238,ZCTA5 93238,1490
8600000US93239,93239,ZCTA5 93239,1688
8600000US93240,93240,ZCTA5 93240,6056
8600000US93241,93241,ZCTA5 93241,17489
8600000US93242,93242,ZCTA5 93242,3468
8600000US93243,93243,ZCTA5 93243,1699
8600000US93244,93244,ZCTA5 93244,534
8600000US93245,93245,ZCTA5 93245,37412
8600000US93247,93247,ZCTA5 93247,17423
8600000US93249,93249,ZCTA5 93249,2739
8600000US93250,93250,ZCTA5 93250,13522
8600000US93251,93251,ZCTA5 93251,270
8600000US93252,93252,ZCTA5 93252,4176
8600000US93254,93254,ZCTA5 93254,811
8600000US93255,93255,ZCTA5 93255,614
8600000US93256,93256,ZCTA5 93256,5753
8600000US93257,93257,ZCTA5 93257,75004
8600000US93258,93258,ZCTA5 93258,2046
8600000US93260,93260,ZCTA5 93260,200
8600000US93261,93261,ZCTA5 93261,3099
8600000US93262,93262,ZCTA5 93262,63
8600000US93263,93263,ZCTA5 93263,19582
8600000US93265,93265,ZCTA5 93265,3699
8600000US93266,93266,ZCTA5 93266,1587
8600000US93267,93267,ZCTA5 93267,6237
8600000US93268,93268,ZCTA5 93268,16897
8600000US93270,93270,ZCTA5 93270,5837
8600000US93271,93271,ZCTA5 93271,2276
8600000US93272,93272,ZCTA5 93272,3583
8600000US93274,93274,ZCTA5 93274,69721
8600000US93276,93276,ZCTA5 93276,161
8600000US93277,93277,ZCTA5 93277,50607
8600000US93280,93280,ZCTA5 93280,27152
8600000US93283,93283,ZCTA5 93283,2040
8600000US93285,93285,ZCTA5 93285,2536
8600000US93286,93286,ZCTA5 93286,9548
8600000US93287,93287,ZCTA5 93287,119
8600000US93291,93291,ZCTA5 93291,52849
8600000US93292,93292,ZCTA5 93292,39032
8600000US93301,93301,ZCTA5 93301,12248
8600000US93304,93304,ZCTA5 93304,48731
8600000US93305,93305,ZCTA5 93305,37601
8600000US93306,93306,ZCTA5 93306,64587
8600000US93307,93307,ZCTA5 93307,82658
8600000US93308,93308,ZCTA5 93308,52447
8600000US93309,93309,ZCTA5 93309,58409
8600000US93311,93311,ZCTA5 93311,40829
8600000US93312,93312,ZCTA5 93312,56741
8600000US93313,93313,ZCTA5 93313,43553
8600000US93314,93314,ZCTA5 93314,22393
8600000US93401,93401,ZCTA5 93401,28033
8600000US93402,93402,ZCTA5 93402,14318
8600000US93405,93405,ZCTA5 93405,35440
8600000US93410,93410,ZCTA5 93410,0
8600000US93420,93420,ZCTA5 93420,28413
8600000US93422,93422,ZCTA5 93422,31375
8600000US93424,93424,ZCTA5 93424,1261
8600000US93426,93426,ZCTA5 93426,1401
8600000US93427,93427,ZCTA5 93427,5505
8600000US93428,93428,ZCTA5 93428,6314
8600000US93429,93429,ZCTA5 93429,154
8600000US93430,93430,ZCTA5 93430,2972
8600000US93432,93432,ZCTA5 93432,1384
8600000US93433,93433,ZCTA5 93433,13162
8600000US93434,93434,ZCTA5 93434,7110
8600000US93436,93436,ZCTA5 93436,54017
8600000US93437,93437,ZCTA5 93437,3338
8600000US93440,93440,ZCTA5 93440,2058
8600000US93441,93441,ZCTA5 93441,1530
8600000US93442,93442,ZCTA5 93442,10789
8600000US93444,93444,ZCTA5 93444,19244
8600000US93445,93445,ZCTA5 93445,7173
8600000US93446,93446,ZCTA5 93446,43714
8600000US93449,93449,ZCTA5 93449,7657
8600000US93450,93450,ZCTA5 93450,740
8600000US93451,93451,ZCTA5 93451,3779
8600000US93452,93452,ZCTA5 93452,524
8600000US93453,93453,ZCTA5 93453,2899
8600000US93454,93454,ZCTA5 93454,36448
8600000US93455,93455,ZCTA5 93455,41684
8600000US93458,93458,ZCTA5 93458,55431
8600000US93460,93460,ZCTA5 93460,5255
8600000US93461,93461,ZCTA5 93461,1623
8600000US93463,93463,ZCTA5 93463,7646
8600000US93465,93465,ZCTA5 93465,9153
8600000US93501,93501,ZCTA5 93501,5467
8600000US93505,93505,ZCTA5 93505,14038
8600000US93510,93510,ZCTA5 93510,7993
8600000US93512,93512,ZCTA5 93512,277
8600000US93513,93513,ZCTA5 93513,1763
8600000US93514,93514,ZCTA5 93514,13857
8600000US93516,93516,ZCTA5 93516,2299
8600000US93517,93517,ZCTA5 93517,670
8600000US93518,93518,ZCTA5 93518,1146
8600000US93519,93519,ZCTA5 93519,101
8600000US93522,93522,ZCTA5 93522,48
8600000US93523,93523,ZCTA5 93523,3074
8600000US93524,93524,ZCTA5 93524,229
8600000US93526,93526,ZCTA5 93526,719
8600000US93527,93527,ZCTA5 93527,2387
8600000US93528,93528,ZCTA5 93528,172
8600000US93529,93529,ZCTA5 93529,633
8600000US93530,93530,ZCTA5 93530,47
8600000US93531,93531,ZCTA5 93531,509
8600000US93532,93532,ZCTA5 93532,2932
8600000US93534,93534,ZCTA5 93534,39341
8600000US93535,93535,ZCTA5 93535,72046
8600000US93536,93536,ZCTA5 93536,70918
8600000US93541,93541,ZCTA5 93541,449
8600000US93543,93543,ZCTA5 93543,13033
8600000US93544,93544,ZCTA5 93544,1259
8600000US93545,93545,ZCTA5 93545,2082
8600000US93546,93546,ZCTA5 93546,9567
8600000US93549,93549,ZCTA5 93549,344
8600000US93550,93550,ZCTA5 93550,74929
8600000US93551,93551,ZCTA5 93551,50798
8600000US93552,93552,ZCTA5 93552,38158
8600000US93553,93553,ZCTA5 93553,2138
8600000US93554,93554,ZCTA5 93554,72
8600000US93555,93555,ZCTA5 93555,32560
8600000US93558,93558,ZCTA5 93558,125
8600000US93560,93560,ZCTA5 93560,18910
8600000US93561,93561,ZCTA5 93561,34630
8600000US93562,93562,ZCTA5 93562,1818
8600000US93563,93563,ZCTA5 93563,388
8600000US93591,93591,ZCTA5 93591,7285
8600000US93592,93592,ZCTA5 93592,64
8600000US93601,93601,ZCTA5 93601,1909
8600000US93602,93602,ZCTA5 93602,3862
8600000US93603,93603,ZCTA5 93603,222
8600000US93604,93604,ZCTA5 93604,674
8600000US93605,93605,ZCTA5 93605,175
8600000US93606,93606,ZCTA5 93606,1217
8600000US93608,93608,ZCTA5 93608,1114
8600000US93609,93609,ZCTA5 93609,5640
8600000US93610,93610,ZCTA5 93610,23833
8600000US93611,93611,ZCTA5 93611,45614
8600000US93612,93612,ZCTA5 93612,35351
8600000US93614,93614,ZCTA5 93614,11661
8600000US93615,93615,ZCTA5 93615,6042
8600000US93616,93616,ZCTA5 93616,2627
8600000US93618,93618,ZCTA5 93618,28262
8600000US93619,93619,ZCTA5 93619,28965
8600000US93620,93620,ZCTA5 93620,9591
8600000US93621,93621,ZCTA5 93621,464
8600000US93622,93622,ZCTA5 93622,9581
8600000US93623,93623,ZCTA5 93623,69
8600000US93624,93624,ZCTA5 93624,1134
8600000US93625,93625,ZCTA5 93625,7313
8600000US93626,93626,ZCTA5 93626,1359
8600000US93627,93627,ZCTA5 93627,123
8600000US93628,93628,ZCTA5 93628,327
8600000US93630,93630,ZCTA5 93630,19162
8600000US93631,93631,ZCTA5 93631,15941
8600000US93633,93633,ZCTA5 93633,25
8600000US93634,93634,ZCTA5 93634,33
8600000US93635,93635,ZCTA5 93635,38776
8600000US93636,93636,ZCTA5 93636,11908
8600000US93637,93637,ZCTA5 93637,37743
8600000US93638,93638,ZCTA5 93638,49068
8600000US93640,93640,ZCTA5 93640,11880
8600000US93641,93641,ZCTA5 93641,595
8600000US93643,93643,ZCTA5 93643,3171
8600000US93644,93644,ZCTA5 93644,8637
8600000US93645,93645,ZCTA5 93645,318
8600000US93646,93646,ZCTA5 93646,10557
8600000US93647,93647,ZCTA5 93647,11874
8600000US93648,93648,ZCTA5 93648,15719
8600000US93650,93650,ZCTA5 93650,4055
8600000US93651,93651,ZCTA5 93651,1674
8600000US93652,93652,ZCTA5 93652,415
8600000US93653,93653,ZCTA5 93653,1229
8600000US93654,93654,ZCTA5 93654,29776
8600000US93656,93656,ZCTA5 93656,6313
8600000US93657,93657,ZCTA5 93657,34999
8600000US93660,93660,ZCTA5 93660,4675
8600000US93662,93662,ZCTA5 93662,30237
8600000US93664,93664,ZCTA5 93664,585
8600000US93665,93665,ZCTA5 93665,472
8600000US93666,93666,ZCTA5 93666,692
8600000US93667,93667,ZCTA5 93667,2604
8600000US93668,93668,ZCTA5 93668,1118
8600000US93669,93669,ZCTA5 93669,295
8600000US93673,93673,ZCTA5 93673,713
8600000US93675,93675,ZCTA5 93675,3721
8600000US93701,93701,ZCTA5 93701,12529
8600000US93702,93702,ZCTA5 93702,48607
8600000US93703,93703,ZCTA5 93703,31868
8600000US93704,93704,ZCTA5 93704,27156
8600000US93705,93705,ZCTA5 93705,36703
8600000US93706,93706,ZCTA5 93706,41087
8600000US93710,93710,ZCTA5 93710,30202
8600000US93711,93711,ZCTA5 93711,36731
8600000US93720,93720,ZCTA5 93720,45191
8600000US93721,93721,ZCTA5 93721,6959
8600000US93722,93722,ZCTA5 93722,76448
8600000US93723,93723,ZCTA5 93723,9547
8600000US93725,93725,ZCTA5 93725,24979
8600000US93726,93726,ZCTA5 93726,40705
8600000US93727,93727,ZCTA5 93727,71820
8600000US93728,93728,ZCTA5 93728,15743
8600000US93730,93730,ZCTA5 93730,9941
8600000US93901,93901,ZCTA5 93901,26863
8600000US93905,93905,ZCTA5 93905,61087
8600000US93906,93906,ZCTA5 93906,59461
8600000US93907,93907,ZCTA5 93907,21726
8600000US93908,93908,ZCTA5 93908,13043
8600000US93920,93920,ZCTA5 93920,1369
8600000US93921,93921,ZCTA5 93921,3281
8600000US93923,93923,ZCTA5 93923,12073
8600000US93924,93924,ZCTA5 93924,6279
8600000US93925,93925,ZCTA5 93925,1671
8600000US93926,93926,ZCTA5 93926,8726
8600000US93927,93927,ZCTA5 93927,17547
8600000US93928,93928,ZCTA5 93928,506
8600000US93930,93930,ZCTA5 93930,15866
8600000US93932,93932,ZCTA5 93932,592
8600000US93933,93933,ZCTA5 93933,22406
8600000US93940,93940,ZCTA5 93940,31615
8600000US93943,93943,ZCTA5 93943,6
8600000US93950,93950,ZCTA5 93950,15046
8600000US93953,93953,ZCTA5 93953,4509
8600000US93954,93954,ZCTA5 93954,302
8600000US93955,93955,ZCTA5 93955,33359
8600000US93960,93960,ZCTA5 93960,27080
8600000US93962,93962,ZCTA5 93962,673
8600000US94002,94002,ZCTA5 94002,25992
8600000US94005,94005,ZCTA5 94005,4282
8600000US94010,94010,ZCTA5 94010,40737
8600000US94014,94014,ZCTA5 94014,47014
8600000US94015,94015,ZCTA5 94015,60927
8600000US94019,94019,ZCTA5 94019,18424
8600000US94020,94020,ZCTA5 94020,1559
8600000US94021,94021,ZCTA5 94021,192
8600000US94022,94022,ZCTA5 94022,18500
8600000US94024,94024,ZCTA5 94024,22385
8600000US94025,94025,ZCTA5 94025,40526
8600000US94027,94027,ZCTA5 94027,7089
8600000US94028,94028,ZCTA5 94028,6534
8600000US94030,94030,ZCTA5 94030,21536
8600000US94037,94037,ZCTA5 94037,2913
8600000US94038,94038,ZCTA5 94038,3040
8600000US94040,94040,ZCTA5 94040,32996
8600000US94041,94041,ZCTA5 94041,13292
8600000US94043,94043,ZCTA5 94043,28358
8600000US94044,94044,ZCTA5 94044,37296
8600000US94060,94060,ZCTA5 94060,1554
8600000US94061,94061,ZCTA5 94061,36245
8600000US94062,94062,ZCTA5 94062,25876
8600000US94063,94063,ZCTA5 94063,30949
8600000US94065,94065,ZCTA5 94065,11359
8600000US94066,94066,ZCTA5 94066,41130
8600000US94070,94070,ZCTA5 94070,29166
8600000US94074,94074,ZCTA5 94074,214
8600000US94080,94080,ZCTA5 94080,63975
8600000US94085,94085,ZCTA5 94085,21247
8600000US94086,94086,ZCTA5 94086,45697
8600000US94087,94087,ZCTA5 94087,54293
8600000US94089,94089,ZCTA5 94089,19245
8600000US94102,94102,ZCTA5 94102,31176
8600000US94103,94103,ZCTA5 94103,27170
8600000US94104,94104,ZCTA5 94104,406
8600000US94105,94105,ZCTA5 94105,5846
8600000US94107,94107,ZCTA5 94107,26599
8600000US94108,94108,ZCTA5 94108,13768
8600000US94109,94109,ZCTA5 94109,55984
8600000US94110,94110,ZCTA5 94110,69333
8600000US94111,94111,ZCTA5 94111,3713
8600000US94112,94112,ZCTA5 94112,79407
8600000US94114,94114,ZCTA5 94114,31124
8600000US94115,94115,ZCTA5 94115,33021
8600000US94116,94116,ZCTA5 94116,43698
8600000US94117,94117,ZCTA5 94117,39169
8600000US94118,94118,ZCTA5 94118,38319
8600000US94121,94121,ZCTA5 94121,41203
8600000US94122,94122,ZCTA5 94122,56023
8600000US94123,94123,ZCTA5 94123,23088
8600000US94124,94124,ZCTA5 94124,33996
8600000US94127,94127,ZCTA5 94127,19289
8600000US94128,94128,ZCTA5 94128,69
8600000US94129,94129,ZCTA5 94129,3183
8600000US94130,94130,ZCTA5 94130,2880
8600000US94131,94131,ZCTA5 94131,26881
8600000US94132,94132,ZCTA5 94132,28129
8600000US94133,94133,ZCTA5 94133,26237
8600000US94134,94134,ZCTA5 94134,40798
8600000US94158,94158,ZCTA5 94158,4792
8600000US94301,94301,ZCTA5 94301,16995
8600000US94303,94303,ZCTA5 94303,45467
8600000US94304,94304,ZCTA5 94304,3627
8600000US94305,94305,ZCTA5 94305,13862
8600000US94306,94306,ZCTA5 94306,26469
8600000US94401,94401,ZCTA5 94401,34429
8600000US94402,94402,ZCTA5 94402,23981
8600000US94403,94403,ZCTA5 94403,39642
8600000US94404,94404,ZCTA5 94404,33749
8600000US94501,94501,ZCTA5 94501,60212
8600000US94502,94502,ZCTA5 94502,13600
8600000US94503,94503,ZCTA5 94503,19681
8600000US94505,94505,ZCTA5 94505,13403
8600000US94506,94506,ZCTA5 94506,22452
8600000US94507,94507,ZCTA5 94507,14889
8600000US94508,94508,ZCTA5 94508,3661
8600000US94509,94509,ZCTA5 94509,62439
8600000US94510,94510,ZCTA5 94510,27088
8600000US94511,94511,ZCTA5 94511,2137
8600000US94512,94512,ZCTA5 94512,108
8600000US94513,94513,ZCTA5 94513,54605
8600000US94514,94514,ZCTA5 94514,1360
8600000US94515,94515,ZCTA5 94515,7050
8600000US94516,94516,ZCTA5 94516,211
8600000US94517,94517,ZCTA5 94517,12385
8600000US94518,94518,ZCTA5 94518,26778
8600000US94519,94519,ZCTA5 94519,18453
8600000US94520,94520,ZCTA5 94520,37208
8600000US94521,94521,ZCTA5 94521,41249
8600000US94523,94523,ZCTA5 94523,33569
8600000US94525,94525,ZCTA5 94525,3127
8600000US94526,94526,ZCTA5 94526,31102
8600000US94528,94528,ZCTA5 94528,964
8600000US94530,94530,ZCTA5 94530,23877
8600000US94531,94531,ZCTA5 94531,40290
8600000US94533,94533,ZCTA5 94533,69277
8600000US94534,94534,ZCTA5 94534,36416
8600000US94535,94535,ZCTA5 94535,3793
8600000US94536,94536,ZCTA5 94536,68790
8600000US94538,94538,ZCTA5 94538,61148
8600000US94539,94539,ZCTA5 94539,50031
8600000US94541,94541,ZCTA5 94541,61635
8600000US94542,94542,ZCTA5 94542,12717
8600000US94544,94544,ZCTA5 94544,73026
8600000US94545,94545,ZCTA5 94545,29707
8600000US94546,94546,ZCTA5 94546,42209
8600000US94547,94547,ZCTA5 94547,24092
8600000US94548,94548,ZCTA5 94548,412
8600000US94549,94549,ZCTA5 94549,26864
8600000US94550,94550,ZCTA5 94550,46896
8600000US94551,94551,ZCTA5 94551,36867
8600000US94552,94552,ZCTA5 94552,14454
8600000US94553,94553,ZCTA5 94553,47065
8600000US94555,94555,ZCTA5 94555,34143
8600000US94556,94556,ZCTA5 94556,15229
8600000US94558,94558,ZCTA5 94558,66830
8600000US94559,94559,ZCTA5 94559,27184
8600000US94560,94560,ZCTA5 94560,42573
8600000US94561,94561,ZCTA5 94561,36515
8600000US94563,94563,ZCTA5 94563,17672
8600000US94564,94564,ZCTA5 94564,18287
8600000US94565,94565,ZCTA5 94565,84641
8600000US94566,94566,ZCTA5 94566,40884
8600000US94567,94567,ZCTA5 94567,623
8600000US94568,94568,ZCTA5 94568,46016
8600000US94569,94569,ZCTA5 94569,198
8600000US94571,94571,ZCTA5 94571,7911
8600000US94572,94572,ZCTA5 94572,8684
8600000US94573,94573,ZCTA5 94573,94
8600000US94574,94574,ZCTA5 94574,8742
8600000US94575,94575,ZCTA5 94575,974
8600000US94576,94576,ZCTA5 94576,164
8600000US94577,94577,ZCTA5 94577,45560
8600000US94578,94578,ZCTA5 94578,38558
8600000US94579,94579,ZCTA5 94579,20571
8600000US94580,94580,ZCTA5 94580,27152
8600000US94582,94582,ZCTA5 94582,38537
8600000US94583,94583,ZCTA5 94583,34859
8600000US94585,94585,ZCTA5 94585,28263
8600000US94586,94586,ZCTA5 94586,925
8600000US94587,94587,ZCTA5 94587,69516
8600000US94588,94588,ZCTA5 94588,30842
8600000US94589,94589,ZCTA5 94589,29876
8600000US94590,94590,ZCTA5 94590,35420
8600000US94591,94591,ZCTA5 94591,53042
8600000US94592,94592,ZCTA5 94592,742
8600000US94595,94595,ZCTA5 94595,16425
8600000US94596,94596,ZCTA5 94596,20037
8600000US94597,94597,ZCTA5 94597,20277
8600000US94598,94598,ZCTA5 94598,25818
8600000US94599,94599,ZCTA5 94599,3021
8600000US94601,94601,ZCTA5 94601,50294
8600000US94602,94602,ZCTA5 94602,28329
8600000US94603,94603,ZCTA5 94603,31403
8600000US94605,94605,ZCTA5 94605,39016
8600000US94606,94606,ZCTA5 94606,36672
8600000US94607,94607,ZCTA5 94607,24978
8600000US94608,94608,ZCTA5 94608,28019
8600000US94609,94609,ZCTA5 94609,20596
8600000US94610,94610,ZCTA5 94610,29287
8600000US94611,94611,ZCTA5 94611,36565
8600000US94612,94612,ZCTA5 94612,14389
8600000US94613,94613,ZCTA5 94613,715
8600000US94618,94618,ZCTA5 94618,16046
8600000US94619,94619,ZCTA5 94619,23299
8600000US94621,94621,ZCTA5 94621,29870
8600000US94702,94702,ZCTA5 94702,15979
8600000US94703,94703,ZCTA5 94703,19846
8600000US94704,94704,ZCTA5 94704,25592
8600000US94705,94705,ZCTA5 94705,12762
8600000US94706,94706,ZCTA5 94706,19615
8600000US94707,94707,ZCTA5 94707,11710
8600000US94708,94708,ZCTA5 94708,10985
8600000US94709,94709,ZCTA5 94709,11806
8600000US94710,94710,ZCTA5 94710,6948
8600000US94720,94720,ZCTA5 94720,2964
8600000US94801,94801,ZCTA5 94801,29395
8600000US94803,94803,ZCTA5 94803,24904
8600000US94804,94804,ZCTA5 94804,38559
8600000US94805,94805,ZCTA5 94805,13648
8600000US94806,94806,ZCTA5 94806,59861
8600000US94850,94850,ZCTA5 94850,0
8600000US94901,94901,ZCTA5 94901,41157
8600000US94903,94903,ZCTA5 94903,29040
8600000US94904,94904,ZCTA5 94904,11995
8600000US94920,94920,ZCTA5 94920,12474
8600000US94922,94922,ZCTA5 94922,425
8600000US94923,94923,ZCTA5 94923,1411
8600000US94924,94924,ZCTA5 94924,1638
8600000US94925,94925,ZCTA5 94925,9253
8600000US94928,94928,ZCTA5 94928,43170
8600000US94929,94929,ZCTA5 94929,264
8600000US94930,94930,ZCTA5 94930,8500
8600000US94931,94931,ZCTA5 94931,8470
8600000US94933,94933,ZCTA5 94933,865
8600000US94937,94937,ZCTA5 94937,837
8600000US94938,94938,ZCTA5 94938,812
8600000US94939,94939,ZCTA5 94939,6859
8600000US94940,94940,ZCTA5 94940,268
8600000US94941,94941,ZCTA5 94941,30496
8600000US94945,94945,ZCTA5 94945,17167
8600000US94946,94946,ZCTA5 94946,699
8600000US94947,94947,ZCTA5 94947,24283
8600000US94949,94949,ZCTA5 94949,17202
8600000US94950,94950,ZCTA5 94950,89
8600000US94951,94951,ZCTA5 94951,4124
8600000US94952,94952,ZCTA5 94952,32858
8600000US94954,94954,ZCTA5 94954,37365
8600000US94956,94956,ZCTA5 94956,1756
8600000US94957,94957,ZCTA5 94957,1332
8600000US94960,94960,ZCTA5 94960,15740
8600000US94963,94963,ZCTA5 94963,569
8600000US94964,94964,ZCTA5 94964,5094
8600000US94965,94965,ZCTA5 94965,10847
8600000US94970,94970,ZCTA5 94970,683
8600000US94971,94971,ZCTA5 94971,337
8600000US94972,94972,ZCTA5 94972,52
8600000US94973,94973,ZCTA5 94973,1429
8600000US95002,95002,ZCTA5 95002,2077
8600000US95003,95003,ZCTA5 95003,23974
8600000US95004,95004,ZCTA5 95004,3918
8600000US95005,95005,ZCTA5 95005,6311
8600000US95006,95006,ZCTA5 95006,8979
8600000US95007,95007,ZCTA5 95007,676
8600000US95008,95008,ZCTA5 95008,45260
8600000US95010,95010,ZCTA5 95010,9137
8600000US95012,95012,ZCTA5 95012,10320
8600000US95013,95013,ZCTA5 95013,80
8600000US95014,95014,ZCTA5 95014,60717
8600000US95017,95017,ZCTA5 95017,834
8600000US95018,95018,ZCTA5 95018,7778
8600000US95019,95019,ZCTA5 95019,7727
8600000US95020,95020,ZCTA5 95020,57349
8600000US95023,95023,ZCTA5 95023,48841
8600000US95030,95030,ZCTA5 95030,12791
8600000US95032,95032,ZCTA5 95032,25089
8600000US95033,95033,ZCTA5 95033,9372
8600000US95035,95035,ZCTA5 95035,66943
8600000US95037,95037,ZCTA5 95037,45579
8600000US95039,95039,ZCTA5 95039,1377
8600000US95041,95041,ZCTA5 95041,160
8600000US95043,95043,ZCTA5 95043,639
8600000US95045,95045,ZCTA5 95045,4046
8600000US95046,95046,ZCTA5 95046,6417
8600000US95050,95050,ZCTA5 95050,35923
8600000US95051,95051,ZCTA5 95051,54327
8600000US95053,95053,ZCTA5 95053,2206
8600000US95054,95054,ZCTA5 95054,23364
8600000US95060,95060,ZCTA5 95060,46377
8600000US95062,95062,ZCTA5 95062,36079
8600000US95064,95064,ZCTA5 95064,7331
8600000US95065,95065,ZCTA5 95065,8113
8600000US95066,95066,ZCTA5 95066,14749
8600000US95070,95070,ZCTA5 95070,30617
8600000US95073,95073,ZCTA5 95073,10154
8600000US95075,95075,ZCTA5 95075,331
8600000US95076,95076,ZCTA5 95076,82474
8600000US95110,95110,ZCTA5 95110,18730
8600000US95111,95111,ZCTA5 95111,58466
8600000US95112,95112,ZCTA5 95112,55927
8600000US95113,95113,ZCTA5 95113,893
8600000US95116,95116,ZCTA5 95116,51496
8600000US95117,95117,ZCTA5 95117,30067
8600000US95118,95118,ZCTA5 95118,31932
8600000US95119,95119,ZCTA5 95119,9970
8600000US95120,95120,ZCTA5 95120,37457
8600000US95121,95121,ZCTA5 95121,37469
8600000US95122,95122,ZCTA5 95122,56545
8600000US95123,95123,ZCTA5 95123,62228
8600000US95124,95124,ZCTA5 95124,47082
8600000US95125,95125,ZCTA5 95125,51939
8600000US95126,95126,ZCTA5 95126,31049
8600000US95127,95127,ZCTA5 95127,61325
8600000US95128,95128,ZCTA5 95128,34836
8600000US95129,95129,ZCTA5 95129,38720
8600000US95130,95130,ZCTA5 95130,13911
8600000US95131,95131,ZCTA5 95131,28565
8600000US95132,95132,ZCTA5 95132,40299
8600000US95133,95133,ZCTA5 95133,25401
8600000US95134,95134,ZCTA5 95134,15268
8600000US95135,95135,ZCTA5 95135,20120
8600000US95136,95136,ZCTA5 95136,42989
8600000US95138,95138,ZCTA5 95138,18889
8600000US95139,95139,ZCTA5 95139,6748
8600000US95140,95140,ZCTA5 95140,191
8600000US95148,95148,ZCTA5 95148,45528
8600000US95202,95202,ZCTA5 95202,6521
8600000US95203,95203,ZCTA5 95203,15696
8600000US95204,95204,ZCTA5 95204,27786
8600000US95205,95205,ZCTA5 95205,38069
8600000US95206,95206,ZCTA5 95206,65004
8600000US95207,95207,ZCTA5 95207,47965
8600000US95209,95209,ZCTA5 95209,39488
8600000US95210,95210,ZCTA5 95210,39009
8600000US95211,95211,ZCTA5 95211,1545
8600000US95212,95212,ZCTA5 95212,25239
8600000US95215,95215,ZCTA5 95215,23224
8600000US95219,95219,ZCTA5 95219,27884
8600000US95220,95220,ZCTA5 95220,7273
8600000US95222,95222,ZCTA5 95222,5292
8600000US95223,95223,ZCTA5 95223,4612
8600000US95224,95224,ZCTA5 95224,429
8600000US95225,95225,ZCTA5 95225,672
8600000US95226,95226,ZCTA5 95226,84
8600000US95227,95227,ZCTA5 95227,941
8600000US95228,95228,ZCTA5 95228,3976
8600000US95230,95230,ZCTA5 95230,718
8600000US95231,95231,ZCTA5 95231,4374
8600000US95232,95232,ZCTA5 95232,304
8600000US95233,95233,ZCTA5 95233,436
8600000US95234,95234,ZCTA5 95234,70
8600000US95236,95236,ZCTA5 95236,4223
8600000US95237,95237,ZCTA5 95237,3167
8600000US95240,95240,ZCTA5 95240,47172
8600000US95242,95242,ZCTA5 95242,25393
8600000US95245,95245,ZCTA5 95245,2277
8600000US95246,95246,ZCTA5 95246,1615
8600000US95247,95247,ZCTA5 95247,4368
8600000US95248,95248,ZCTA5 95248,301
8600000US95249,95249,ZCTA5 95249,4042
8600000US95250,95250,ZCTA5 95250,78
8600000US95251,95251,ZCTA5 95251,767
8600000US95252,95252,ZCTA5 95252,13460
8600000US95254,95254,ZCTA5 95254,480
8600000US95255,95255,ZCTA5 95255,2042
8600000US95257,95257,ZCTA5 95257,413
8600000US95258,95258,ZCTA5 95258,4018
8600000US95301,95301,ZCTA5 95301,37073
8600000US95303,95303,ZCTA5 95303,912
8600000US95304,95304,ZCTA5 95304,15706
8600000US95305,95305,ZCTA5 95305,245
8600000US95306,95306,ZCTA5 95306,970
8600000US95307,95307,ZCTA5 95307,42753
8600000US95310,95310,ZCTA5 95310,1882
8600000US95311,95311,ZCTA5 95311,2197
8600000US95312,95312,ZCTA5 95312,268
8600000US95313,95313,ZCTA5 95313,1386
8600000US95314,95314,ZCTA5 95314,0
8600000US95315,95315,ZCTA5 95315,13018
8600000US95316,95316,ZCTA5 95316,6573
8600000US95317,95317,ZCTA5 95317,817
8600000US95318,95318,ZCTA5 95318,541
8600000US95319,95319,ZCTA5 95319,1749
8600000US95320,95320,ZCTA5 95320,12819
8600000US95321,95321,ZCTA5 95321,3736
8600000US95322,95322,ZCTA5 95322,8942
8600000US95323,95323,ZCTA5 95323,1260
8600000US95324,95324,ZCTA5 95324,7324
8600000US95325,95325,ZCTA5 95325,81
8600000US95326,95326,ZCTA5 95326,9581
8600000US95327,95327,ZCTA5 95327,9806
8600000US95328,95328,ZCTA5 95328,3993
8600000US95329,95329,ZCTA5 95329,2460
8600000US95330,95330,ZCTA5 95330,17853
8600000US95333,95333,ZCTA5 95333,2942
8600000US95334,95334,ZCTA5 95334,15457
8600000US95335,95335,ZCTA5 95335,541
8600000US95336,95336,ZCTA5 95336,42675
8600000US95337,95337,ZCTA5 95337,31557
8600000US95338,95338,ZCTA5 95338,11062
8600000US95340,95340,ZCTA5 95340,33931
8600000US95341,95341,ZCTA5 95341,32967
8600000US95345,95345,ZCTA5 95345,708
8600000US95346,95346,ZCTA5 95346,1272
8600000US95348,95348,ZCTA5 95348,30805
8600000US95350,95350,ZCTA5 95350,51046
8600000US95351,95351,ZCTA5 95351,46458
8600000US95354,95354,ZCTA5 95354,25394
8600000US95355,95355,ZCTA5 95355,58311
8600000US95356,95356,ZCTA5 95356,30918
8600000US95357,95357,ZCTA5 95357,11559
8600000US95358,95358,ZCTA5 95358,31668
8600000US95360,95360,ZCTA5 95360,11712
8600000US95361,95361,ZCTA5 95361,31610
8600000US95363,95363,ZCTA5 95363,25237
8600000US95364,95364,ZCTA5 95364,53
8600000US95365,95365,ZCTA5 95365,4985
8600000US95366,95366,ZCTA5 95366,16575
8600000US95367,95367,ZCTA5 95367,23173
8600000US95368,95368,ZCTA5 95368,13614
8600000US95369,95369,ZCTA5 95369,1099
8600000US95370,95370,ZCTA5 95370,26803
8600000US95372,95372,ZCTA5 95372,1963
8600000US95374,95374,ZCTA5 95374,2030
8600000US95375,95375,ZCTA5 95375,106
8600000US95376,95376,ZCTA5 95376,49859
8600000US95377,95377,ZCTA5 95377,30902
8600000US95379,95379,ZCTA5 95379,3898
8600000US95380,95380,ZCTA5 95380,41201
8600000US95382,95382,ZCTA5 95382,36176
8600000US95383,95383,ZCTA5 95383,3937
8600000US95385,95385,ZCTA5 95385,429
8600000US95386,95386,ZCTA5 95386,9877
8600000US95387,95387,ZCTA5 95387,636
8600000US95388,95388,ZCTA5 95388,13074
8600000US95389,95389,ZCTA5 95389,1272
8600000US95391,95391,ZCTA5 95391,9959
8600000US95401,95401,ZCTA5 95401,36981
8600000US95403,95403,ZCTA5 95403,45164
8600000US95404,95404,ZCTA5 95404,39761
8600000US95405,95405,ZCTA5 95405,21399
8600000US95407,95407,ZCTA5 95407,39352
8600000US95409,95409,ZCTA5 95409,27187
8600000US95410,95410,ZCTA5 95410,950
8600000US95412,95412,ZCTA5 95412,401
8600000US95415,95415,ZCTA5 95415,1592
8600000US95417,95417,ZCTA5 95417,297
8600000US95420,95420,ZCTA5 95420,374
8600000US95421,95421,ZCTA5 95421,1592
8600000US95422,95422,ZCTA5 95422,15585
8600000US95423,95423,ZCTA5 95423,3747
8600000US95425,95425,ZCTA5 95425,10841
8600000US95426,95426,ZCTA5 95426,2147
8600000US95427,95427,ZCTA5 95427,459
8600000US95428,95428,ZCTA5 95428,2516
8600000US95429,95429,ZCTA5 95429,70
8600000US95430,95430,ZCTA5 95430,44
8600000US95431,95431,ZCTA5 95431,631
8600000US95432,95432,ZCTA5 95432,426
8600000US95435,95435,ZCTA5 95435,82
8600000US95436,95436,ZCTA5 95436,5418
8600000US95437,95437,ZCTA5 95437,14799
8600000US95439,95439,ZCTA5 95439,675
8600000US95441,95441,ZCTA5 95441,2014
8600000US95442,95442,ZCTA5 95442,3178
8600000US95443,95443,ZCTA5 95443,233
8600000US95444,95444,ZCTA5 95444,748
8600000US95445,95445,ZCTA5 95445,2093
8600000US95446,95446,ZCTA5 95446,4750
8600000US95448,95448,ZCTA5 95448,16852
8600000US95449,95449,ZCTA5 95449,1507
8600000US95450,95450,ZCTA5 95450,387
8600000US95451,95451,ZCTA5 95451,11213
8600000US95452,95452,ZCTA5 95452,1393
8600000US95453,95453,ZCTA5 95453,11256
8600000US95454,95454,ZCTA5 95454,2556
8600000US95456,95456,ZCTA5 95456,795
8600000US95457,95457,ZCTA5 95457,2893
8600000US95458,95458,ZCTA5 95458,3104
8600000US95459,95459,ZCTA5 95459,504
8600000US95460,95460,ZCTA5 95460,2285
8600000US95461,95461,ZCTA5 95461,3413
8600000US95462,95462,ZCTA5 95462,1417
8600000US95463,95463,ZCTA5 95463,169
8600000US95464,95464,ZCTA5 95464,2673
8600000US95465,95465,ZCTA5 95465,2083
8600000US95466,95466,ZCTA5 95466,946
8600000US95467,95467,ZCTA5 95467,5498
8600000US95468,95468,ZCTA5 95468,1258
8600000US95469,95469,ZCTA5 95469,1767
8600000US95470,95470,ZCTA5 95470,6032
8600000US95471,95471,ZCTA5 95471,522
8600000US95472,95472,ZCTA5 95472,28255
8600000US95476,95476,ZCTA5 95476,35394
8600000US95482,95482,ZCTA5 95482,31808
8600000US95485,95485,ZCTA5 95485,2557
8600000US95486,95486,ZCTA5 95486,62
8600000US95488,95488,ZCTA5 95488,280
8600000US95490,95490,ZCTA5 95490,13264
8600000US95492,95492,ZCTA5 95492,28532
8600000US95493,95493,ZCTA5 95493,198
8600000US95494,95494,ZCTA5 95494,139
8600000US95497,95497,ZCTA5 95497,1305
8600000US95501,95501,ZCTA5 95501,23976
8600000US95503,95503,ZCTA5 95503,24152
8600000US95511,95511,ZCTA5 95511,360
8600000US95514,95514,ZCTA5 95514,254
8600000US95519,95519,ZCTA5 95519,17432
8600000US95521,95521,ZCTA5 95521,20199
8600000US95524,95524,ZCTA5 95524,1787
8600000US95525,95525,ZCTA5 95525,1733
8600000US95526,95526,ZCTA5 95526,378
8600000US95527,95527,ZCTA5 95527,627
8600000US95528,95528,ZCTA5 95528,1139
8600000US95531,95531,ZCTA5 95531,24528
8600000US95536,95536,ZCTA5 95536,2849
8600000US95537,95537,ZCTA5 95537,276
8600000US95540,95540,ZCTA5 95540,13657
8600000US95542,95542,ZCTA5 95542,2533
8600000US95543,95543,ZCTA5 95543,765
8600000US95545,95545,ZCTA5 95545,153
8600000US95546,95546,ZCTA5 95546,3494
8600000US95547,95547,ZCTA5 95547,1222
8600000US95548,95548,ZCTA5 95548,1373
8600000US95549,95549,ZCTA5 95549,805
8600000US95550,95550,ZCTA5 95550,128
8600000US95551,95551,ZCTA5 95551,1739
8600000US95552,95552,ZCTA5 95552,697
8600000US95553,95553,ZCTA5 95553,1062
8600000US95554,95554,ZCTA5 95554,533
8600000US95555,95555,ZCTA5 95555,410
8600000US95556,95556,ZCTA5 95556,605
8600000US95558,95558,ZCTA5 95558,425
8600000US95559,95559,ZCTA5 95559,182
8600000US95560,95560,ZCTA5 95560,1648
8600000US95562,95562,ZCTA5 95562,3450
8600000US95563,95563,ZCTA5 95563,652
8600000US95564,95564,ZCTA5 95564,462
8600000US95565,95565,ZCTA5 95565,1071
8600000US95567,95567,ZCTA5 95567,1930
8600000US95568,95568,ZCTA5 95568,136
8600000US95569,95569,ZCTA5 95569,361
8600000US95570,95570,ZCTA5 95570,2579
8600000US95571,95571,ZCTA5 95571,271
8600000US95573,95573,ZCTA5 95573,1744
8600000US95585,95585,ZCTA5 95585,508
8600000US95587,95587,ZCTA5 95587,201
8600000US95589,95589,ZCTA5 95589,1612
8600000US95595,95595,ZCTA5 95595,262
8600000US95601,95601,ZCTA5 95601,198
8600000US95602,95602,ZCTA5 95602,17509
8600000US95603,95603,ZCTA5 95603,27844
8600000US95604,95604,ZCTA5 95604,75
8600000US95605,95605,ZCTA5 95605,14179
8600000US95606,95606,ZCTA5 95606,196
8600000US95607,95607,ZCTA5 95607,431
8600000US95608,95608,ZCTA5 95608,59418
8600000US95610,95610,ZCTA5 95610,44147
8600000US95612,95612,ZCTA5 95612,1239
8600000US95614,95614,ZCTA5 95614,3833
8600000US95615,95615,ZCTA5 95615,834
8600000US95616,95616,ZCTA5 95616,47032
8600000US95618,95618,ZCTA5 95618,27281
8600000US95619,95619,ZCTA5 95619,4842
8600000US95620,95620,ZCTA5 95620,20553
8600000US95621,95621,ZCTA5 95621,39819
8600000US95623,95623,ZCTA5 95623,3806
8600000US95624,95624,ZCTA5 95624,61989
8600000US95625,95625,ZCTA5 95625,155
8600000US95626,95626,ZCTA5 95626,5975
8600000US95627,95627,ZCTA5 95627,3513
8600000US95628,95628,ZCTA5 95628,40196
8600000US95629,95629,ZCTA5 95629,832
8600000US95630,95630,ZCTA5 95630,72180
8600000US95631,95631,ZCTA5 95631,6076
8600000US95632,95632,ZCTA5 95632,29269
8600000US95633,95633,ZCTA5 95633,3349
8600000US95634,95634,ZCTA5 95634,3232
8600000US95635,95635,ZCTA5 95635,1262
8600000US95636,95636,ZCTA5 95636,1101
8600000US95637,95637,ZCTA5 95637,370
8600000US95638,95638,ZCTA5 95638,2255
8600000US95639,95639,ZCTA5 95639,283
8600000US95640,95640,ZCTA5 95640,11353
8600000US95641,95641,ZCTA5 95641,1986
8600000US95642,95642,ZCTA5 95642,7164
8600000US95645,95645,ZCTA5 95645,2037
8600000US95646,95646,ZCTA5 95646,158
8600000US95648,95648,ZCTA5 95648,47354
8600000US95650,95650,ZCTA5 95650,12447
8600000US95651,95651,ZCTA5 95651,637
8600000US95652,95652,ZCTA5 95652,739
8600000US95653,95653,ZCTA5 95653,527
8600000US95655,95655,ZCTA5 95655,4314
8600000US95658,95658,ZCTA5 95658,6285
8600000US95659,95659,ZCTA5 95659,702
8600000US95660,95660,ZCTA5 95660,30714
8600000US95661,95661,ZCTA5 95661,29791
8600000US95662,95662,ZCTA5 95662,31558
8600000US95663,95663,ZCTA5 95663,2377
8600000US95664,95664,ZCTA5 95664,1380
8600000US95665,95665,ZCTA5 95665,4426
8600000US95666,95666,ZCTA5 95666,5336
8600000US95667,95667,ZCTA5 95667,36726
8600000US95668,95668,ZCTA5 95668,815
8600000US95669,95669,ZCTA5 95669,2443
8600000US95670,95670,ZCTA5 95670,52973
8600000US95672,95672,ZCTA5 95672,4773
8600000US95673,95673,ZCTA5 95673,15455
8600000US95674,95674,ZCTA5 95674,935
8600000US95675,95675,ZCTA5 95675,381
8600000US95677,95677,ZCTA5 95677,23333
8600000US95678,95678,ZCTA5 95678,41192
8600000US95679,95679,ZCTA5 95679,55
8600000US95680,95680,ZCTA5 95680,146
8600000US95681,95681,ZCTA5 95681,1226
8600000US95682,95682,ZCTA5 95682,29114
8600000US95683,95683,ZCTA5 95683,6180
8600000US95684,95684,ZCTA5 95684,3422
8600000US95685,95685,ZCTA5 95685,4680
8600000US95686,95686,ZCTA5 95686,1405
8600000US95687,95687,ZCTA5 95687,65096
8600000US95688,95688,ZCTA5 95688,34379
8600000US95689,95689,ZCTA5 95689,1244
8600000US95690,95690,ZCTA5 95690,2533
8600000US95691,95691,ZCTA5 95691,34737
8600000US95692,95692,ZCTA5 95692,4769
8600000US95693,95693,ZCTA5 95693,6758
8600000US95694,95694,ZCTA5 95694,9156
8600000US95695,95695,ZCTA5 95695,37946
8600000US95697,95697,ZCTA5 95697,425
8600000US95698,95698,ZCTA5 95698,236
8600000US95699,95699,ZCTA5 95699,154
8600000US95701,95701,ZCTA5 95701,983
8600000US95703,95703,ZCTA5 95703,897
8600000US95709,95709,ZCTA5 95709,4772
8600000US95713,95713,ZCTA5 95713,9495
8600000US95714,95714,ZCTA5 95714,382
8600000US95715,95715,ZCTA5 95715,115
8600000US95717,95717,ZCTA5 95717,231
8600000US95720,95720,ZCTA5 95720,157
8600000US95721,95721,ZCTA5 95721,37
8600000US95722,95722,ZCTA5 95722,4585
8600000US95724,95724,ZCTA5 95724,27
8600000US95726,95726,ZCTA5 95726,8842
8600000US95728,95728,ZCTA5 95728,386
8600000US95735,95735,ZCTA5 95735,68
8600000US95736,95736,ZCTA5 95736,240
8600000US95742,95742,ZCTA5 95742,7749
8600000US95746,95746,ZCTA5 95746,21460
8600000US95747,95747,ZCTA5 95747,51870
8600000US95757,95757,ZCTA5 95757,40222
8600000US95758,95758,ZCTA5 95758,60435
8600000US95762,95762,ZCTA5 95762,38797
8600000US95765,95765,ZCTA5 95765,33974
8600000US95776,95776,ZCTA5 95776,21902
8600000US95811,95811,ZCTA5 95811,7595
8600000US95814,95814,ZCTA5 95814,9922
8600000US95815,95815,ZCTA5 95815,24680
8600000US95816,95816,ZCTA5 95816,15579
8600000US95817,95817,ZCTA5 95817,13534
8600000US95818,95818,ZCTA5 95818,19811
8600000US95819,95819,ZCTA5 95819,17141
8600000US95820,95820,ZCTA5 95820,34480
8600000US95821,95821,ZCTA5 95821,33550
8600000US95822,95822,ZCTA5 95822,42347
8600000US95823,95823,ZCTA5 95823,73985
8600000US95824,95824,ZCTA5 95824,30221
8600000US95825,95825,ZCTA5 95825,31084
8600000US95826,95826,ZCTA5 95826,36628
8600000US95827,95827,ZCTA5 95827,20269
8600000US95828,95828,ZCTA5 95828,57862
8600000US95829,95829,ZCTA5 95829,24755
8600000US95830,95830,ZCTA5 95830,934
8600000US95831,95831,ZCTA5 95831,41321
8600000US95832,95832,ZCTA5 95832,11924
8600000US95833,95833,ZCTA5 95833,37293
8600000US95834,95834,ZCTA5 95834,25899
8600000US95835,95835,ZCTA5 95835,35936
8600000US95837,95837,ZCTA5 95837,315
8600000US95838,95838,ZCTA5 95838,36764
8600000US95841,95841,ZCTA5 95841,19448
8600000US95842,95842,ZCTA5 95842,31806
8600000US95843,95843,ZCTA5 95843,45048
8600000US95864,95864,ZCTA5 95864,22447
8600000US95901,95901,ZCTA5 95901,31314
8600000US95903,95903,ZCTA5 95903,1732
8600000US95910,95910,ZCTA5 95910,86
8600000US95912,95912,ZCTA5 95912,4685
8600000US95914,95914,ZCTA5 95914,578
8600000US95915,95915,ZCTA5 95915,44
8600000US95916,95916,ZCTA5 95916,1441
8600000US95917,95917,ZCTA5 95917,3155
8600000US95918,95918,ZCTA5 95918,2339
8600000US95919,95919,ZCTA5 95919,1378
8600000US95920,95920,ZCTA5 95920,274
8600000US95922,95922,ZCTA5 95922,687
8600000US95923,95923,ZCTA5 95923,58
8600000US95925,95925,ZCTA5 95925,295
8600000US95926,95926,ZCTA5 95926,37725
8600000US95928,95928,ZCTA5 95928,36511
8600000US95930,95930,ZCTA5 95930,69
8600000US95932,95932,ZCTA5 95932,7718
8600000US95934,95934,ZCTA5 95934,274
8600000US95935,95935,ZCTA5 95935,631
8600000US95936,95936,ZCTA5 95936,352
8600000US95937,95937,ZCTA5 95937,1491
8600000US95938,95938,ZCTA5 95938,3787
8600000US95939,95939,ZCTA5 95939,604
8600000US95941,95941,ZCTA5 95941,563
8600000US95942,95942,ZCTA5 95942,1301
8600000US95943,95943,ZCTA5 95943,879
8600000US95944,95944,ZCTA5 95944,46
8600000US95945,95945,ZCTA5 95945,25199
8600000US95946,95946,ZCTA5 95946,9790
8600000US95947,95947,ZCTA5 95947,1899
8600000US95948,95948,ZCTA5 95948,10810
8600000US95949,95949,ZCTA5 95949,19741
8600000US95950,95950,ZCTA5 95950,569
8600000US95951,95951,ZCTA5 95951,2601
8600000US95953,95953,ZCTA5 95953,10718
8600000US95954,95954,ZCTA5 95954,12251
8600000US95955,95955,ZCTA5 95955,1517
8600000US95956,95956,ZCTA5 95956,401
8600000US95957,95957,ZCTA5 95957,761
8600000US95959,95959,ZCTA5 95959,17838
8600000US95960,95960,ZCTA5 95960,796
8600000US95961,95961,ZCTA5 95961,26510
8600000US95962,95962,ZCTA5 95962,1567
8600000US95963,95963,ZCTA5 95963,15493
8600000US95965,95965,ZCTA5 95965,20384
8600000US95966,95966,ZCTA5 95966,30643
8600000US95968,95968,ZCTA5 95968,1412
8600000US95969,95969,ZCTA5 95969,27549
8600000US95970,95970,ZCTA5 95970,530
8600000US95971,95971,ZCTA5 95971,5970
8600000US95973,95973,ZCTA5 95973,31957
8600000US95974,95974,ZCTA5 95974,8
8600000US95975,95975,ZCTA5 95975,1769
8600000US95977,95977,ZCTA5 95977,1678
8600000US95978,95978,ZCTA5 95978,143
8600000US95979,95979,ZCTA5 95979,597
8600000US95981,95981,ZCTA5 95981,97
8600000US95982,95982,ZCTA5 95982,3221
8600000US95983,95983,ZCTA5 95983,428
8600000US95984,95984,ZCTA5 95984,120
8600000US95986,95986,ZCTA5 95986,162
8600000US95987,95987,ZCTA5 95987,5992
8600000US95988,95988,ZCTA5 95988,8857
8600000US95991,95991,ZCTA5 95991,40593
8600000US95993,95993,ZCTA5 95993,36067
8600000US96001,96001,ZCTA5 96001,33865
8600000US96002,96002,ZCTA5 96002,33298
8600000US96003,96003,ZCTA5 96003,44461
8600000US96006,96006,ZCTA5 96006,557
8600000US96007,96007,ZCTA5 96007,22841
8600000US96008,96008,ZCTA5 96008,1231
8600000US96009,96009,ZCTA5 96009,569
8600000US96010,96010,ZCTA5 96010,239
8600000US96011,96011,ZCTA5 96011,218
8600000US96013,96013,ZCTA5 96013,4212
8600000US96014,96014,ZCTA5 96014,211
8600000US96015,96015,ZCTA5 96015,465
8600000US96016,96016,ZCTA5 96016,366
8600000US96017,96017,ZCTA5 96017,171
8600000US96019,96019,ZCTA5 96019,10082
8600000US96020,96020,ZCTA5 96020,2416
8600000US96021,96021,ZCTA5 96021,16097
8600000US96022,96022,ZCTA5 96022,15768
8600000US96023,96023,ZCTA5 96023,1240
8600000US96024,96024,ZCTA5 96024,1145
8600000US96025,96025,ZCTA5 96025,2310
8600000US96027,96027,ZCTA5 96027,2227
8600000US96028,96028,ZCTA5 96028,1464
8600000US96029,96029,ZCTA5 96029,124
8600000US96031,96031,ZCTA5 96031,158
8600000US96032,96032,ZCTA5 96032,2407
8600000US96033,96033,ZCTA5 96033,432
8600000US96034,96034,ZCTA5 96034,294
8600000US96035,96035,ZCTA5 96035,3324
8600000US96037,96037,ZCTA5 96037,308
8600000US96038,96038,ZCTA5 96038,589
8600000US96039,96039,ZCTA5 96039,1251
8600000US96040,96040,ZCTA5 96040,341
8600000US96041,96041,ZCTA5 96041,2747
8600000US96044,96044,ZCTA5 96044,1022
8600000US96046,96046,ZCTA5 96046,304
8600000US96047,96047,ZCTA5 96047,1004
8600000US96048,96048,ZCTA5 96048,736
8600000US96049,96049,ZCTA5 96049,95
8600000US96050,96050,ZCTA5 96050,414
8600000US96051,96051,ZCTA5 96051,1139
8600000US96052,96052,ZCTA5 96052,1460
8600000US96054,96054,ZCTA5 96054,366
8600000US96055,96055,ZCTA5 96055,3935
8600000US96056,96056,ZCTA5 96056,1642
8600000US96057,96057,ZCTA5 96057,1355
8600000US96058,96058,ZCTA5 96058,798
8600000US96059,96059,ZCTA5 96059,688
8600000US96061,96061,ZCTA5 96061,36
8600000US96062,96062,ZCTA5 96062,1105
8600000US96063,96063,ZCTA5 96063,125
8600000US96064,96064,ZCTA5 96064,4574
8600000US96065,96065,ZCTA5 96065,357
8600000US96067,96067,ZCTA5 96067,7165
8600000US96068,96068,ZCTA5 96068,183
8600000US96069,96069,ZCTA5 96069,982
8600000US96071,96071,ZCTA5 96071,125
8600000US96073,96073,ZCTA5 96073,4082
8600000US96074,96074,ZCTA5 96074,260
8600000US96075,96075,ZCTA5 96075,369
8600000US96076,96076,ZCTA5 96076,166
8600000US96080,96080,ZCTA5 96080,28764
8600000US96084,96084,ZCTA5 96084,625
8600000US96085,96085,ZCTA5 96085,85
8600000US96086,96086,ZCTA5 96086,338
8600000US96087,96087,ZCTA5 96087,600
8600000US96088,96088,ZCTA5 96088,4506
8600000US96090,96090,ZCTA5 96090,421
8600000US96091,96091,ZCTA5 96091,699
8600000US96092,96092,ZCTA5 96092,496
8600000US96093,96093,ZCTA5 96093,4133
8600000US96094,96094,ZCTA5 96094,6630
8600000US96096,96096,ZCTA5 96096,695
8600000US96097,96097,ZCTA5 96097,10031
8600000US96101,96101,ZCTA5 96101,5490
8600000US96103,96103,ZCTA5 96103,1725
8600000US96104,96104,ZCTA5 96104,748
8600000US96105,96105,ZCTA5 96105,527
8600000US96106,96106,ZCTA5 96106,479
8600000US96107,96107,ZCTA5 96107,1269
8600000US96108,96108,ZCTA5 96108,122
8600000US96109,96109,ZCTA5 96109,2197
8600000US96110,96110,ZCTA5 96110,166
8600000US96111,96111,ZCTA5 96111,160
8600000US96112,96112,ZCTA5 96112,214
8600000US96113,96113,ZCTA5 96113,1000
8600000US96114,96114,ZCTA5 96114,3220
8600000US96115,96115,ZCTA5 96115,145
8600000US96116,96116,ZCTA5 96116,233
8600000US96117,96117,ZCTA5 96117,405
8600000US96118,96118,ZCTA5 96118,1627
8600000US96119,96119,ZCTA5 96119,90
8600000US96120,96120,ZCTA5 96120,957
8600000US96121,96121,ZCTA5 96121,368
8600000US96122,96122,ZCTA5 96122,3883
8600000US96123,96123,ZCTA5 96123,48
8600000US96124,96124,ZCTA5 96124,326
8600000US96125,96125,ZCTA5 96125,258
8600000US96126,96126,ZCTA5 96126,215
8600000US96128,96128,ZCTA5 96128,752
8600000US96129,96129,ZCTA5 96129,261
8600000US96130,96130,ZCTA5 96130,23150
8600000US96132,96132,ZCTA5 96132,119
8600000US96133,96133,ZCTA5 96133,110
8600000US96134,96134,ZCTA5 96134,2512
8600000US96135,96135,ZCTA5 96135,128
8600000US96136,96136,ZCTA5 96136,104
8600000US96137,96137,ZCTA5 96137,3297
8600000US96140,96140,ZCTA5 96140,1170
8600000US96141,96141,ZCTA5 96141,744
8600000US96142,96142,ZCTA5 96142,1037
8600000US96143,96143,ZCTA5 96143,4414
8600000US96145,96145,ZCTA5 96145,3161
8600000US96146,96146,ZCTA5 96146,1366
8600000US96148,96148,ZCTA5 96148,788
8600000US96150,96150,ZCTA5 96150,29792
8600000US96155,96155,ZCTA5 96155,8
8600000US96161,96161,ZCTA5 96161,18451
8600000US97635,97635,ZCTA5 97635,289
